Workbook

Sheet 개요
A1: PMLE 18주 학습 플랜 — 일간 상세
A2: Google Cloud Professional ML Engineer · 2026-06-01 신규 시험 가이드 기준 (Gemini Enterprise Agent Platform)
A3: 주 4일 · 일 1.5시간 · 총 18주 (탭에서 주차별 일간 계획 확인)
A5: 주차 | B5: 단계(Phase) | C5: 섹션 | D5: 비중 | E5: 주제 | F5: Skills Boost | G5: ★ 보강 | H5: 시간(h)
A6: W1 | B6: Phase 1 · 로우코드 & 기초 | C6: 섹션 2 · 데이터·모델 협업 관리 | D6: 16% | E6: Agent Platform Workbench · Colab Enterprise · EDA | F6: Skills Boost 5번 | G6: 제품명 신규 교체 | H6: =W01!F10 -> 6
A7: W2 | B7: Phase 1 · 로우코드 & 기초 | C7: 섹션 1 · 로우코드 AI 설계 | D7: 13% | E7: BigQuery ML — CREATE MODEL / ML.PREDICT / ML.EVALUATE | F7: Skills Boost 6번 | G7: — | H7: =W02!F10 -> 6
A8: W3 | B8: Phase 1 · 로우코드 & 기초 | C8: 섹션 1 · 로우코드 AI 설계 | D8: 13% | E8: Agent Platform AutoML + BigQuery로 Gemini 파인튜닝 | F8: 일부 | G8: ★ AutoML · Gemini 튜닝 핸즈온 | H8: =W03!F10 -> 6
A9: W4 | B9: Phase 1 · 로우코드 & 기초 | C9: 섹션 1 · 로우코드 AI 설계 | D9: 13% | E9: Model Garden(Gemini·Imagen·Veo) + 앱 비용·지연 최적화 | F9: 16번(PaLM 제외) | G9: ★ Model Garden 신규 실습 | H9: =W04!F10 -> 6
A10: W5 | B10: Phase 2 · 데이터 & 평가 | C10: 섹션 2 · 데이터·모델 협업 관리 | D10: 16% | E10: 전처리 도구 선택 · Feature Store · PII | F10: Skills Boost 7·8·12번 | G10: 제품명 교체 | H10: =W05!F10 -> 6
A11: W6 | B11: Phase 2 · 데이터 & 평가 | C11: 섹션 2 · 데이터·모델 협업 관리 | D11: 16% | E11: 실험 추적·계보 + LLM-as-a-judge 평가 | F11: Skills Boost 13번 | G11: ★ 생성형 평가 | H11: =W06!F10 -> 6
A12: W7 | B12: Phase 3 · 모델링 & 학습 (핵심) | C12: 섹션 3 · 프로토타입→모델 확장 | D12: 21% | E12: 모델 타입·제품 선택 · 해석가능성 · 피처 엔지니어링 | F12: Skills Boost 8·9번 | G12: — | H12: =W07!F10 -> 6
A13: W8 | B13: Phase 3 · 모델링 & 학습 (핵심) | C13: 섹션 3 · 프로토타입→모델 확장 | D13: 21% | E13: 커스텀 학습 · Kubeflow on GKE · 하이퍼파라미터 | F13: Skills Boost 9번 | G13: — | H13: =W08!F10 -> 6
A14: W9 | B14: Phase 3 · 모델링 & 학습 (핵심) | C14: 섹션 3 · 프로토타입→모델 확장 | D14: 21% | E14: 파운데이션 모델 파인튜닝 + 하드웨어(GPU/TPU·분산학습) | F14: 일부 | G14: ★ 튜닝 · TPU · 분산학습 | H14: =W09!F10 -> 6
A15: W10 | B15: Phase 4 · 서빙 | C15: 섹션 4 · 모델 서빙·스케일링 | D15: 20% | E15: 배치/온라인 추론 · 컨테이너 서빙 | F15: Skills Boost 10번 | G15: 제품명 교체 | H15: =W10!F10 -> 6
A16: W11 | B16: Phase 4 · 서빙 | C16: 섹션 4 · 모델 서빙·스케일링 | D16: 20% | E16: Model Registry · A/B·카나리 · 엔드포인트 · Feature Store 서빙 | F16: Skills Boost 10번 | G16: — | H16: =W11!F10 -> 6
A17: W12 | B17: Phase 5 · 파이프라인 | C17: 섹션 5 · 파이프라인 자동화 | D17: 18% | E17: E2E 파이프라인 · Ray · Managed Airflow | F17: Skills Boost 11번 | G17: ★ Ray on Agent Platform | H17: =W12!F10 -> 6
A18: W13 | B18: Phase 5 · 파이프라인 | C18: 섹션 5 · 파이프라인 자동화 | D18: 18% | E18: 재학습 정책 · CI/CD/CT · 학습-서빙 일관성 | F18: Skills Boost 11번 | G18: ★ CT(연속 학습) | H18: =W13!F10 -> 6
A19: W14 | B19: Phase 6 · 보안 & 모니터링 | C19: 섹션 6 · 모니터링 | D19: 13% | E19: 보안: Model Armor · 안전필터 · 악성 프롬프트 · Responsible AI | F19: 신규 | G19: ★ 전부 신규 | H19: =W14!F10 -> 6
A20: W15 | B20: Phase 6 · 보안 & 모니터링 | C20: 섹션 6 · 모니터링 | D20: 13% | E20: Model Monitoring · 드리프트 · 생성형 모니터링 · XAI | F20: Skills Boost 18·19번 | G20: ★ 생성형 모니터링 | H20: =W15!F10 -> 6
A21: W16 | B21: Phase 7 · 시험 모드 | C21: 전 영역 · 시험 모드 | D21: — | E21: 신규 Exam Guide 정독 + 서비스 의사결정표 + 모의 1·2회 | F21: 공식 가이드·샘플 | G21: — | H21: =W16!F10 -> 6
A22: W17 | B22: Phase 7 · 시험 모드 | C22: 전 영역 · 시험 모드 | D22: — | E22: 약점 집중 + 공식 샘플 + 모의 3·4회 | F22: 공식 샘플·모의 | G22: — | H22: =W17!F10 -> 6
A23: W18 | B23: Phase 7 · 시험 모드 | C23: 전 영역 · 시험 모드 | D23: — | E23: 모의 5회 + 오답 마감 + 컨디션 조정 | F23: 공식 샘플·모의 | G23: — | H23: =W18!F10 -> 6
A24: 총계 | H24: =SUM(H6:H23) -> 108
A26: 시간 배분 (총 ~108h)
A27: Skills Boost 진도 | B27: 52
A28: ★ 신규 보강 (Gemini·Model Garden·보안 등) | B28: 20
A29: Exam Guide 정독 + 서비스 의사결정표 | B29: 8
A30: 공식 샘플 + 모의 5회 + 오답 | B30: 28
A31: 합계 | B31: =SUM(B27:B30) -> 108
A33: 핵심 노트
A34: • 주의 — 이 플랜은 2026-06-01 신규 가이드 기준입니다. 강의 콘텐츠 개편이 진행 중이므로 공식 가이드/샘플 문제를 항상 기준점으로 두세요.
A35: • 제품명 — 구 Vertex AI 명칭은 시험과 안 맞습니다. Workbench/Pipelines/Feature Store/Model Registry/Inference 모두 'Agent Platform' 명칭으로 익히세요.
A36: • 구 PaLM API 랩(16번)은 폐기 → Model Garden의 Gemini·Imagen·Veo로 대체 학습.
A37: • ★ 표시 = 기존 Skills Boost 경로에 없거나 부족해 별도 보강이 필요한 신규 출제 영역.
A38: • 유형 — 실습(파랑)/리뷰(청록)/모의(빨강)/정리(보라). 권장 주간 리듬: 월·목 실습, 화·금 리뷰.

Sheet W01
A1: Week 1
A2: 섹션 2 · 데이터·모델 협업 관리 · 비중 16% · Phase 1 · 로우코드 & 기초
A3: 주제: Agent Platform Workbench · Colab Enterprise · EDA
A4: Skills Boost: Skills Boost 5번 | 보강: 제품명 신규 교체
A5: 일차 | B5: 유형 | C5: 학습 포커스 | D5: 상세 학습 활동 | E5: 산출물 · 체크 | F5: 시간(h)
A6: 1일차 | B6: 실습 | C6: 노트북 환경 구축 | D6: Agent Platform Workbench 인스턴스 생성 후 Colab Enterprise와 비교. [Lab] Workbench Qwik Start 수행, 노트북 보안 베스트프랙티스 설정. | E6: Workbench 노트북 1개 · 환경 설정 캡처 | F6: 1.5
A7: 2일차 | B7: 리뷰 | C7: 환경 선택 기준 정리 | D7: Workbench vs Colab Enterprise 선택 기준표 작성(시험 빈출). 구 Vertex AI→신 Agent Platform 용어카드 10장 작성. | E7: 선택 기준표 · 용어카드 10장 | F7: 1.5
A8: 3일차 | B8: 실습 | C8: EDA 실습 | D8: tabular/text/image 데이터 탐색, BigQuery 연동 노트북. [Lab] Exploration and Data Analysis using Notebooks. | E8: EDA 노트북 결과 | F8: 1.5
A9: 4일차 | B9: 리뷰 | C9: 개념 정리 + 퀴즈 | D9: 데이터 타입별 효율적 실험·학습·서빙 준비 개념 정리. W1 미니퀴즈 5문항 자작·풀이, 오답노트 시작. | E9: 오답노트 v1 | F9: 1.5
E10: 주간 합계 | F10: =SUM(F6:F9) -> 6

Sheet W02
A1: Week 2
A2: 섹션 1 · 로우코드 AI 설계 · 비중 13% · Phase 1 · 로우코드 & 기초
A3: 주제: BigQuery ML — CREATE MODEL / ML.PREDICT / ML.EVALUATE
A4: Skills Boost: Skills Boost 6번 | 보강: —
A5: 일차 | B5: 유형 | C5: 학습 포커스 | D5: 상세 학습 활동 | E5: 산출물 · 체크 | F5: 시간(h)
A6: 1일차 | B6: 실습 | C6: BQML 기초 | D6: CREATE MODEL로 선형·로지스틱 회귀 생성. [Lab] Getting Started with BigQuery ML. | E6: BQML 모델 1개 | F6: 1.5
A7: 2일차 | B7: 리뷰 | C7: 핵심 구문 암기 | D7: CREATE MODEL / ML.PREDICT / ML.EVALUATE / TRANSFORM 암기카드. 모델 타입별(분류·회귀·예측·군집) 용도 정리. | E7: 구문 암기카드 | F7: 1.5
A8: 3일차 | B8: 실습 | C8: 예측 모델 | D8: 시계열 예측·부스티드 트리. [Lab] Predict Taxi Fare / Bracketology with BigQuery ML. | E8: 예측 결과 비교표 | F8: 1.5
A9: 4일차 | B9: 리뷰 | C9: 문제→모델 매핑 + 퀴즈 | D9: 비즈니스 문제→BQML 모델 매핑 연습. W2 퀴즈 5문항. | E9: 매핑표 · 오답노트 갱신 | F9: 1.5
E10: 주간 합계 | F10: =SUM(F6:F9) -> 6

Sheet W03
A1: Week 3
A2: 섹션 1 · 로우코드 AI 설계 · 비중 13% · Phase 1 · 로우코드 & 기초
A3: 주제: Agent Platform AutoML + BigQuery로 Gemini 파인튜닝
A4: Skills Boost: 일부 | 보강: ★ AutoML · Gemini 튜닝 핸즈온
A5: 일차 | B5: 유형 | C5: 학습 포커스 | D5: 상세 학습 활동 | E5: 산출물 · 체크 | F5: 시간(h)
A6: 1일차 | B6: 실습 | C6: AutoML 학습 | D6: Agent Platform AutoML로 tabular 분류·회귀 학습, 데이터 준비·라벨링. | E6: AutoML 모델 1개 | F6: 1.5
A7: 2일차 | B7: 리뷰 | C7: 제품 선택 기준 | D7: AutoML vs BQML vs 커스텀 학습 선택 기준(비용·복잡도·시간) 정리, 시험 시나리오 매핑. | E7: 선택 의사결정 메모 | F7: 1.5
A8: 3일차 | B8: 실습 | C8: BigQuery로 Gemini 파인튜닝 | D8: ★ BigQuery에서 Gemini 모델 파인튜닝 구문·데이터셋 구성 실습(공식 문서 기반). | E8: 파인튜닝 잡 1회 | F8: 1.5
A9: 4일차 | B9: 리뷰 | C9: 튜닝 판단 + 퀴즈 | D9: "언제 파인튜닝하나" 판단 기준·비용 고려 정리. W3 퀴즈 5문항. | E9: 판단 기준 노트 | F9: 1.5
E10: 주간 합계 | F10: =SUM(F6:F9) -> 6

Sheet W04
A1: Week 4
A2: 섹션 1 · 로우코드 AI 설계 · 비중 13% · Phase 1 · 로우코드 & 기초
A3: 주제: Model Garden(Gemini·Imagen·Veo) + 앱 비용·지연 최적화
A4: Skills Boost: 16번(PaLM 제외) | 보강: ★ Model Garden 신규 실습
A5: 일차 | B5: 유형 | C5: 학습 포커스 | D5: 상세 학습 활동 | E5: 산출물 · 체크 | F5: 시간(h)
A6: 1일차 | B6: 실습 | C6: Model Garden 탐색 | D6: ★ 작업별 모델 선택(Gemini·Imagen·Veo), MaaS 호출 실습. | E6: 모델 호출 노트북 | F6: 1.5
A7: 2일차 | B7: 리뷰 | C7: 작업↔모델 매핑 | D7: 텍스트/이미지/영상/멀티모달 매핑표. 산업별 API(Document AI·Vision·Translate) 용도 정리. | E7: 작업·모델 매핑표 | F7: 1.5
A8: 3일차 | B8: 실습 | C8: Gemini 앱 최적화 | D8: ★ 비용·지연·가용성 최적화 — 컨텍스트 길이·캐싱·배치 고려 실습. | E8: 최적화 비교 메모 | F8: 1.5
A9: 4일차 | B9: 모의 | C9: Phase 1 점검 | D9: 비용/지연/가용성 트레이드오프 정리. W4 퀴즈 + Phase 1 미니 모의 10문항. | E9: Phase 1 점검 결과 | F9: 1.5
E10: 주간 합계 | F10: =SUM(F6:F9) -> 6

Sheet W05
A1: Week 5
A2: 섹션 2 · 데이터·모델 협업 관리 · 비중 16% · Phase 2 · 데이터 & 평가
A3: 주제: 전처리 도구 선택 · Feature Store · PII
A4: Skills Boost: Skills Boost 7·8·12번 | 보강: 제품명 교체
A5: 일차 | B5: 유형 | C5: 학습 포커스 | D5: 상세 학습 활동 | E5: 산출물 · 체크 | F5: 시간(h)
A6: 1일차 | B6: 실습 | C6: 전처리 도구 | D6: 규모별 전처리 도구 선택(BigQuery SQL/Dataflow/Spark/in-memory Python). [Lab] Preprocessing/Feature Engineering with BQML. | E6: 전처리 파이프 1개 | F6: 1.5
A7: 2일차 | B7: 리뷰 | C7: 도구 선택 기준 | D7: 규모·복잡도별 전처리 도구 선택 기준, 학습-서빙 일관성 개념 정리. | E7: 도구 선택표 | F7: 1.5
A8: 3일차 | B8: 실습 | C8: Feature Store | D8: Agent Platform Feature Store — 피처 생성·통합·온라인 서빙. [Lab] Streaming Feature Ingestion. | E8: Feature Store 구성 | F8: 1.5
A9: 4일차 | B9: 리뷰 | C9: PII + 퀴즈 | D9: PII·민감정보 처리(데이터 거버넌스), Feature Store 목적 정리. W5 퀴즈. | E9: PII 체크리스트 | F9: 1.5
E10: 주간 합계 | F10: =SUM(F6:F9) -> 6

Sheet W06
A1: Week 6
A2: 섹션 2 · 데이터·모델 협업 관리 · 비중 16% · Phase 2 · 데이터 & 평가
A3: 주제: 실험 추적·계보 + LLM-as-a-judge 평가
A4: Skills Boost: Skills Boost 13번 | 보강: ★ 생성형 평가
A5: 일차 | B5: 유형 | C5: 학습 포커스 | D5: 상세 학습 활동 | E5: 산출물 · 체크 | F5: 시간(h)
A6: 1일차 | B6: 실습 | C6: 실험 추적·계보 | D6: Experiments on Agent Platform — 실험 추적, 아티팩트·버전·계보(Agent Platform ML Metadata). | E6: 실험 로그 | F6: 1.5
A7: 2일차 | B7: 리뷰 | C7: 예측형 평가지표 | D7: 분류·회귀 평가지표(정밀도·재현율·AUC·RMSE), 혼동행렬 해석 정리. | E7: 지표 정리표 | F7: 1.5
A8: 3일차 | B8: 실습 | C8: 생성형 평가 | D8: ★ LLM-as-a-judge·모델 평가 서비스. [Lab] Evaluating Custom Models and LLMs. | E8: 평가 리포트 | F8: 1.5
A9: 4일차 | B9: 리뷰 | C9: 평가 비교 + 퀴즈 | D9: 예측형 vs 생성형 평가 차이 정리. W6 퀴즈 + Phase 2 진입 점검. | E9: 평가 비교 노트 | F9: 1.5
E10: 주간 합계 | F10: =SUM(F6:F9) -> 6

Sheet W07
A1: Week 7
A2: 섹션 3 · 프로토타입→모델 확장 · 비중 21% · Phase 3 · 모델링 & 학습 (핵심)
A3: 주제: 모델 타입·제품 선택 · 해석가능성 · 피처 엔지니어링
A4: Skills Boost: Skills Boost 8·9번 | 보강: —
A5: 일차 | B5: 유형 | C5: 학습 포커스 | D5: 상세 학습 활동 | E5: 산출물 · 체크 | F5: 시간(h)
A6: 1일차 | B6: 실습 | C6: 모델 타입 선택 | D6: ARIMA/DNN/LLM 시나리오별 선택, 비용·복잡도·지연·확장성 고려 실습. | E6: 선택 연습 노트 | F6: 1.5
A7: 2일차 | B7: 리뷰 | C7: 제품·배포 매핑 | D7: 제품 선택(AutoML/BQML/Pipelines) 매핑, 배포 전략 개요 정리. | E7: 제품 선택표 | F7: 1.5
A8: 3일차 | B8: 실습 | C8: 피처 엔지니어링 | D8: 해석가능성 요구 시 모델링 기법, 피처 교차·버킷화·임베딩. [Lab] Feature Engineering with TF. | E8: 피처 노트북 | F8: 1.5
A9: 4일차 | B9: 리뷰 | C9: 누수·스케일링 + 퀴즈 | D9: 데이터 누수(leakage)·스케일링·해석가능성 정리. W7 퀴즈. | E9: 개념 노트 | F9: 1.5
E10: 주간 합계 | F10: =SUM(F6:F9) -> 6

Sheet W08
A1: Week 8
A2: 섹션 3 · 프로토타입→모델 확장 · 비중 21% · Phase 3 · 모델링 & 학습 (핵심)
A3: 주제: 커스텀 학습 · Kubeflow on GKE · 하이퍼파라미터
A4: Skills Boost: Skills Boost 9번 | 보강: —
A5: 일차 | B5: 유형 | C5: 학습 포커스 | D5: 상세 학습 활동 | E5: 산출물 · 체크 | F5: 시간(h)
A6: 1일차 | B6: 실습 | C6: 커스텀 학습 | D6: Agent Platform 커스텀 학습 — task.py/model.py 분리 구조, 학습 잡 제출. [Lab] Training a Keras Model. | E6: 커스텀 학습 잡 | F6: 1.5
A7: 2일차 | B7: 리뷰 | C7: 학습 SDK 비교 | D7: 커스텀/Kubeflow on GKE/AutoML/Tabular Workflows SDK 옵션 비교. | E7: SDK 비교표 | F7: 1.5
A8: 3일차 | B8: 실습 | C8: 하이퍼파라미터 튜닝 | D8: 튜닝 잡 설정, 학습 실패 진단(로그·리소스 분석). | E8: 튜닝 잡 결과 | F8: 1.5
A9: 4일차 | B9: 리뷰 | C9: 트러블슈팅 + 퀴즈 | D9: 학습 실패 트러블슈팅 체크리스트 작성. W8 퀴즈. | E9: 트러블슈팅 노트 | F9: 1.5
E10: 주간 합계 | F10: =SUM(F6:F9) -> 6

Sheet W09
A1: Week 9
A2: 섹션 3 · 프로토타입→모델 확장 · 비중 21% · Phase 3 · 모델링 & 학습 (핵심)
A3: 주제: 파운데이션 모델 파인튜닝 + 하드웨어(GPU/TPU·분산학습)
A4: Skills Boost: 일부 | 보강: ★ 튜닝 · TPU · 분산학습
A5: 일차 | B5: 유형 | C5: 학습 포커스 | D5: 상세 학습 활동 | E5: 산출물 · 체크 | F5: 시간(h)
A6: 1일차 | B6: 실습 | C6: 파운데이션 모델 튜닝 | D6: ★ Agent Platform·Model Garden 파운데이션 모델 파인튜닝, "언제 튜닝" 판단 실습. | E6: 튜닝 잡 | F6: 1.5
A7: 2일차 | B7: 리뷰 | C7: 하드웨어 선택 | D7: CPU/GPU/TPU 선택 기준, 가속기별 적합 워크로드 정리. | E7: 하드웨어 선택표 | F7: 1.5
A8: 3일차 | B8: 실습 | C8: 분산 학습 | D8: ★ 데이터 병렬·모델 병렬 전략 개념·설정 실습. | E8: 분산 학습 메모 | F8: 1.5
A9: 4일차 | B9: 모의 | C9: Phase 3 점검 | D9: 데이터 vs 모델 병렬, TPU/GPU 선택 정리. W9 퀴즈 + Phase 3 점검. | E9: 분산 정리 · 점검 | F9: 1.5
E10: 주간 합계 | F10: =SUM(F6:F9) -> 6

Sheet W10
A1: Week 10
A2: 섹션 4 · 모델 서빙·스케일링 · 비중 20% · Phase 4 · 서빙
A3: 주제: 배치/온라인 추론 · 컨테이너 서빙
A4: Skills Boost: Skills Boost 10번 | 보강: 제품명 교체
A5: 일차 | B5: 유형 | C5: 학습 포커스 | D5: 상세 학습 활동 | E5: 산출물 · 체크 | F5: 시간(h)
A6: 1일차 | B6: 실습 | C6: 추론 배포 | D6: 배치/온라인 추론 배포(Agent Platform/Cloud Run/GKE), 적합 서비스 선택. [Lab] Production Data Pipeline. | E6: 추론 엔드포인트 | F6: 1.5
A7: 2일차 | B7: 리뷰 | C7: 배치 vs 온라인 | D7: 배치 vs 온라인 선택 기준(지연·처리량·비용), 서비스 매핑 정리. | E7: 배치/온라인 결정표 | F7: 1.5
A8: 3일차 | B8: 실습 | C8: 프레임워크 서빙 | D8: PyTorch/XGBoost 서빙, prebuilt vs custom container, 전·후처리 구현. | E8: 컨테이너 서빙 | F8: 1.5
A9: 4일차 | B9: 리뷰 | C9: 전·후처리 + 퀴즈 | D9: 추론 전/후처리 설계 정리. W10 퀴즈. | E9: 서빙 노트 | F9: 1.5
E10: 주간 합계 | F10: =SUM(F6:F9) -> 6

Sheet W11
A1: Week 11
A2: 섹션 4 · 모델 서빙·스케일링 · 비중 20% · Phase 4 · 서빙
A3: 주제: Model Registry · A/B·카나리 · 엔드포인트 · Feature Store 서빙
A4: Skills Boost: Skills Boost 10번 | 보강: —
A5: 일차 | B5: 유형 | C5: 학습 포커스 | D5: 상세 학습 활동 | E5: 산출물 · 체크 | F5: 시간(h)
A6: 1일차 | B6: 실습 | C6: 레지스트리·엔드포인트 | D6: Agent Platform Model Registry 모델 정리·버전 관리, public/private 엔드포인트 배포. | E6: 레지스트리 구성 | F6: 1.5
A7: 2일차 | B7: 리뷰 | C7: 롤아웃 전략 | D7: A/B·카나리 배포 비교, 모델 버전 비교 방법 정리. | E7: 롤아웃 전략표 | F7: 1.5
A8: 3일차 | B8: 실습 | C8: 서빙 스케일링 | D8: Feature Store 서빙, 처리량 기반 백엔드 스케일(Agent Platform Inference). | E8: 스케일링 설정 | F8: 1.5
A9: 4일차 | B9: 리뷰 | C9: 서빙 종합 + 퀴즈 | D9: 하드웨어·스케일링·서빙 튜닝 정리. W11 퀴즈 + 서빙 점검. | E9: 서빙 종합 노트 | F9: 1.5
E10: 주간 합계 | F10: =SUM(F6:F9) -> 6

Sheet W12
A1: Week 12
A2: 섹션 5 · 파이프라인 자동화 · 비중 18% · Phase 5 · 파이프라인
A3: 주제: E2E 파이프라인 · Ray · Managed Airflow
A4: Skills Boost: Skills Boost 11번 | 보강: ★ Ray on Agent Platform
A5: 일차 | B5: 유형 | C5: 학습 포커스 | D5: 상세 학습 활동 | E5: 산출물 · 체크 | F5: 시간(h)
A6: 1일차 | B6: 실습 | C6: E2E 파이프라인 | D6: Agent Platform Pipelines E2E 구성, 데이터·모델 검증. [Lab] Intro to Pipelines. | E6: 파이프라인 1개 | F6: 1.5
A7: 2일차 | B7: 리뷰 | C7: 오케스트레이션 선택 | D7: 관리형/비관리형(Pipelines/Managed Airflow/Ray), 템플릿 vs 커스텀 비교. | E7: 오케스트레이션 비교표 | F7: 1.5
A8: 3일차 | B8: 실습 | C8: Ray · Airflow | D8: ★ Ray on Agent Platform 분산 처리 실습, Managed Apache Airflow 비교. | E8: Ray 메모 | F8: 1.5
A9: 4일차 | B9: 리뷰 | C9: 일관성·구성 + 퀴즈 | D9: 학습-서빙 전처리 일관성, 컴포넌트·파라미터·트리거 정리. W12 퀴즈. | E9: 파이프라인 노트 | F9: 1.5
E10: 주간 합계 | F10: =SUM(F6:F9) -> 6

Sheet W13
A1: Week 13
A2: 섹션 5 · 파이프라인 자동화 · 비중 18% · Phase 5 · 파이프라인
A3: 주제: 재학습 정책 · CI/CD/CT · 학습-서빙 일관성
A4: Skills Boost: Skills Boost 11번 | 보강: ★ CT(연속 학습)
A5: 일차 | B5: 유형 | C5: 학습 포커스 | D5: 상세 학습 활동 | E5: 산출물 · 체크 | F5: 시간(h)
A6: 1일차 | B6: 실습 | C6: CI/CD/CT 파이프라인 | D6: ★ CI/CD/CT 파이프라인(Cloud Build)으로 모델 배포 자동화. | E6: CI/CD 파이프라인 | F6: 1.5
A7: 2일차 | B7: 리뷰 | C7: 재학습 정책 | D7: 재학습 정책 결정(트리거·주기·드리프트 기반), CT 개념 정리. | E7: 재학습 정책표 | F7: 1.5
A8: 3일차 | B8: 실습 | C8: GitOps 자동화 | D8: GitOps 기반 모델 배포, 파이프라인 자동 트리거 설정. | E8: 자동화 데모 | F8: 1.5
A9: 4일차 | B9: 모의 | C9: Phase 5 마무리 | D9: CI/CD/CT 차이 정리. W13 퀴즈 + Phase 5 마무리 점검. | E9: MLOps 종합 노트 | F9: 1.5
E10: 주간 합계 | F10: =SUM(F6:F9) -> 6

Sheet W14
A1: Week 14
A2: 섹션 6 · 모니터링 · 비중 13% · Phase 6 · 보안 & 모니터링
A3: 주제: 보안: Model Armor · 안전필터 · 악성 프롬프트 · Responsible AI
A4: Skills Boost: 신규 | 보강: ★ 전부 신규
A5: 일차 | B5: 유형 | C5: 학습 포커스 | D5: 상세 학습 활동 | E5: 산출물 · 체크 | F5: 시간(h)
A6: 1일차 | B6: 실습 | C6: AI 보안 설정 | D6: ★ Model Armor·안전필터 설정, 악성 프롬프트·데이터 유출 방지 실습. | E6: 보안 설정 데모 | F6: 1.5
A7: 2일차 | B7: 리뷰 | C7: 보안 위협 매핑 | D7: ★ 위협(데이터 exfiltration·malicious prompting·민감정보 LLM 공유)→도구(Regex·안전필터·Model Armor) 매핑. | E7: 보안 위협표 | F7: 1.5
A8: 3일차 | B8: 실습 | C8: 공정성·편향 | D8: Responsible AI — 편향 모니터링·공정성 평가. [Lab] Mitigating Bias. | E8: 편향 점검 | F8: 1.5
A9: 4일차 | B9: 리뷰 | C9: 책임 AI + 퀴즈 | D9: Responsible AI 원칙·편향 완화 정리. W14 퀴즈. | E9: 책임 AI 노트 | F9: 1.5
E10: 주간 합계 | F10: =SUM(F6:F9) -> 6

Sheet W15
A1: Week 15
A2: 섹션 6 · 모니터링 · 비중 13% · Phase 6 · 보안 & 모니터링
A3: 주제: Model Monitoring · 드리프트 · 생성형 모니터링 · XAI
A4: Skills Boost: Skills Boost 18·19번 | 보강: ★ 생성형 모니터링
A5: 일차 | B5: 유형 | C5: 학습 포커스 | D5: 상세 학습 활동 | E5: 산출물 · 체크 | F5: 시간(h)
A6: 1일차 | B6: 실습 | C6: Model Monitoring | D6: Model Monitoring 구성 — 연속 평가지표, 학습-서빙 스큐·데이터/컨셉/피처 드리프트. | E6: 모니터링 설정 | F6: 1.5
A7: 2일차 | B7: 리뷰 | C7: 드리프트 4종 | D7: 스큐·데이터·컨셉·피처 어트리뷰션 드리프트 구분, 베이스라인 대비 모니터링 정리. | E7: 드리프트 정리표 | F7: 1.5
A8: 3일차 | B8: 실습 | C8: 생성형 모니터링·XAI | D8: ★ 생성형 AI 솔루션 모니터링·테스트·평가 + XAI(Agent Platform Inference 설명). [Lab] Extracting Explanations. | E8: XAI·생성형 모니터링 데모 | F8: 1.5
A9: 4일차 | B9: 모의 | C9: Phase 6 마무리 | D9: 모니터링 전 영역 종합. W15 퀴즈 + Phase 6 마무리 점검. | E9: 모니터링 종합 노트 | F9: 1.5
E10: 주간 합계 | F10: =SUM(F6:F9) -> 6

Sheet W16
A1: Week 16
A2: 전 영역 · 시험 모드 · 비중 — · Phase 7 · 시험 모드
A3: 주제: 신규 Exam Guide 정독 + 서비스 의사결정표 + 모의 1·2회
A4: Skills Boost: 공식 가이드·샘플 | 보강: —
A5: 일차 | B5: 유형 | C5: 학습 포커스 | D5: 상세 학습 활동 | E5: 산출물 · 체크 | F5: 시간(h)
A6: 1일차 | B6: 정리 | C6: 가이드 정독 | D6: 신규 Exam Guide(6/1) 섹션별 정독, 자기 약점 도메인 표시. | E6: 약점 맵 v1 | F6: 1.5
A7: 2일차 | B7: 정리 | C7: 의사결정표 작성 | D7: 상황→Gemini Enterprise Agent Platform 서비스 선택 의사결정표 작성. | E7: 의사결정표 v1 | F7: 1.5
A8: 3일차 | B8: 모의 | C8: 샘플 + 모의 1회 | D8: 공식 샘플 문제 폼 풀이 + 모의고사 1회, 오답 분석. | E8: 오답노트 | F8: 1.5
A9: 4일차 | B9: 모의 | C9: 모의 2회 | D9: 모의고사 2회, 오답 분석·약점 갱신. | E9: 약점 맵 v2 | F9: 1.5
E10: 주간 합계 | F10: =SUM(F6:F9) -> 6

Sheet W17
A1: Week 17
A2: 전 영역 · 시험 모드 · 비중 — · Phase 7 · 시험 모드
A3: 주제: 약점 집중 + 공식 샘플 + 모의 3·4회
A4: Skills Boost: 공식 샘플·모의 | 보강: —
A5: 일차 | B5: 유형 | C5: 학습 포커스 | D5: 상세 학습 활동 | E5: 산출물 · 체크 | F5: 시간(h)
A6: 1일차 | B6: 정리 | C6: 약점 집중 복습 | D6: 약점 도메인 집중 복습(섹션 3·4 우선). | E6: 복습 노트 | F6: 1.5
A7: 2일차 | B7: 정리 | C7: 용어 총정리 | D7: 공식 샘플 문제 재풀이 + 구→신 제품명 용어카드 총정리. | E7: 용어 총정리 | F7: 1.5
A8: 3일차 | B8: 모의 | C8: 모의 3회 | D8: 모의고사 3회, 오답 분석. | E8: 오답노트 | F8: 1.5
A9: 4일차 | B9: 모의 | C9: 모의 4회 | D9: 모의고사 4회, 70%+ 안정 확인, 약점 재점검. | E9: 점수 추이 | F9: 1.5
E10: 주간 합계 | F10: =SUM(F6:F9) -> 6

Sheet W18
A1: Week 18
A2: 전 영역 · 시험 모드 · 비중 — · Phase 7 · 시험 모드
A3: 주제: 모의 5회 + 오답 마감 + 컨디션 조정
A4: Skills Boost: 공식 샘플·모의 | 보강: —
A5: 일차 | B5: 유형 | C5: 학습 포커스 | D5: 상세 학습 활동 | E5: 산출물 · 체크 | F5: 시간(h)
A6: 1일차 | B6: 모의 | C6: 모의 5회·시간배분 | D6: 모의고사 5회, 시간 배분 연습(50~60문항 / 120분). | E6: 최종 점수 | F6: 1.5
A7: 2일차 | B7: 정리 | C7: 오답·의사결정표 마감 | D7: 전체 오답노트 마감 정리, 서비스 의사결정표 최종본 완성. | E7: 의사결정표 최종 | F7: 1.5
A8: 3일차 | B8: 정리 | C8: 빈출 최종 암기 | D8: BQML 구문·신규 제품명·드리프트 4종·보안 도구 최종 암기. | E8: 암기 마감 | F8: 1.5
A9: 4일차 | B9: 정리 | C9: 컨디션·환경 점검 | D9: 컨디션 조정, 온라인 감독 시험 환경 점검, 가벼운 복습. | E9: 시험 준비 완료 | F9: 1.5
E10: 주간 합계 | F10: =SUM(F6:F9) -> 6
